{
  "meta": {
    "model_name": "Detoxify (unbiased)",
    "dataset_name": "civil_comments",
    "author": "Prakhar Anand",
    "identity_proxy": true
  },
  "results": {
    "threshold": 0.5,
    "n": 1500,
    "baseline": {
      "precision": 0.6666666666666666,
      "recall": 0.7333333333333333,
      "f1": 0.6984126984126984,
      "fpr": 0.03188405797101449,
      "tp": 88,
      "fp": 44,
      "fn": 32,
      "tn": 1336,
      "support": 120,
      "ece": 0.021909591344049358
    },
    "pr_curve": [
      [
        0.01,
        0.23017408123791103,
        0.9916666666666667
      ],
      [
        0.03,
        0.29896907216494845,
        0.9666666666666667
      ],
      [
        0.05,
        0.34124629080118696,
        0.9583333333333334
      ],
      [
        0.06999999999999999,
        0.37623762376237624,
        0.95
      ],
      [
        0.09,
        0.39361702127659576,
        0.925
      ],
      [
        0.11,
        0.4157303370786517,
        0.925
      ],
      [
        0.13,
        0.43873517786561267,
        0.925
      ],
      [
        0.15000000000000002,
        0.44672131147540983,
        0.9083333333333333
      ],
      [
        0.17,
        0.4796380090497738,
        0.8833333333333333
      ],
      [
        0.19,
        0.5023923444976076,
        0.875
      ],
      [
        0.21000000000000002,
        0.5198019801980198,
        0.875
      ],
      [
        0.23,
        0.5175879396984925,
        0.8583333333333333
      ],
      [
        0.25,
        0.5255102040816326,
        0.8583333333333333
      ],
      [
        0.27,
        0.5340314136125655,
        0.85
      ],
      [
        0.29000000000000004,
        0.5489130434782609,
        0.8416666666666667
      ],
      [
        0.31,
        0.5586592178770949,
        0.8333333333333334
      ],
      [
        0.33,
        0.5657142857142857,
        0.825
      ],
      [
        0.35000000000000003,
        0.5730994152046783,
        0.8166666666666667
      ],
      [
        0.37,
        0.5808383233532934,
        0.8083333333333333
      ],
      [
        0.39,
        0.610062893081761,
        0.8083333333333333
      ],
      [
        0.41000000000000003,
        0.6233766233766234,
        0.8
      ],
      [
        0.43,
        0.6225165562913907,
        0.7833333333333333
      ],
      [
        0.45,
        0.6301369863013698,
        0.7666666666666667
      ],
      [
        0.47000000000000003,
        0.6357142857142857,
        0.7416666666666667
      ],
      [
        0.49,
        0.6666666666666666,
        0.7333333333333333
      ],
      [
        0.51,
        0.6717557251908397,
        0.7333333333333333
      ],
      [
        0.53,
        0.688,
        0.7166666666666667
      ],
      [
        0.55,
        0.7024793388429752,
        0.7083333333333334
      ],
      [
        0.5700000000000001,
        0.7155172413793104,
        0.6916666666666667
      ],
      [
        0.59,
        0.7256637168141593,
        0.6833333333333333
      ],
      [
        0.61,
        0.7297297297297297,
        0.675
      ],
      [
        0.63,
        0.7619047619047619,
        0.6666666666666666
      ],
      [
        0.65,
        0.7835051546391752,
        0.6333333333333333
      ],
      [
        0.67,
        0.8064516129032258,
        0.625
      ],
      [
        0.6900000000000001,
        0.8222222222222222,
        0.6166666666666667
      ],
      [
        0.7100000000000001,
        0.8255813953488372,
        0.5916666666666667
      ],
      [
        0.73,
        0.8313253012048193,
        0.575
      ],
      [
        0.75,
        0.8481012658227848,
        0.5583333333333333
      ],
      [
        0.77,
        0.8533333333333334,
        0.5333333333333333
      ],
      [
        0.79,
        0.863013698630137,
        0.525
      ],
      [
        0.81,
        0.8732394366197183,
        0.5166666666666667
      ],
      [
        0.8300000000000001,
        0.8676470588235294,
        0.49166666666666664
      ],
      [
        0.85,
        0.9076923076923077,
        0.49166666666666664
      ],
      [
        0.87,
        0.9152542372881356,
        0.45
      ],
      [
        0.89,
        0.9259259259259259,
        0.4166666666666667
      ],
      [
        0.91,
        0.9411764705882353,
        0.4
      ],
      [
        0.93,
        0.9545454545454546,
        0.35
      ],
      [
        0.9500000000000001,
        0.9761904761904762,
        0.3416666666666667
      ],
      [
        0.97,
        0.9705882352941176,
        0.275
      ],
      [
        0.99,
        1.0,
        0.13333333333333333
      ]
    ],
    "slices": {
      "identity_mention": [
        {
          "identity_mention": "mentions_identity",
          "n": 178,
          "support": 25,
          "precision": 0.7,
          "recall": 0.56,
          "fpr": 0.039,
          "f1": 0.622
        },
        {
          "identity_mention": "no_identity",
          "n": 1322,
          "support": 95,
          "precision": 0.661,
          "recall": 0.779,
          "fpr": 0.031,
          "f1": 0.715
        }
      ]
    },
    "adversarial": [
      {
        "evasion": "diacritics",
        "effort": "low",
        "fluency_penalty": "low-med",
        "esr": 1.0,
        "recall_after": 0.0,
        "recall_after_defense": 0.989,
        "n_caught": 88
      },
      {
        "evasion": "stack_zw_homoglyph",
        "effort": "low",
        "fluency_penalty": "zero",
        "esr": 0.989,
        "recall_after": 0.011,
        "recall_after_defense": 0.989,
        "n_caught": 88
      },
      {
        "evasion": "leetspeak",
        "effort": "low",
        "fluency_penalty": "low-med",
        "esr": 0.977,
        "recall_after": 0.023,
        "recall_after_defense": 0.966,
        "n_caught": 88
      },
      {
        "evasion": "homoglyph",
        "effort": "low",
        "fluency_penalty": "low",
        "esr": 0.943,
        "recall_after": 0.057,
        "recall_after_defense": 0.989,
        "n_caught": 88
      },
      {
        "evasion": "word_split",
        "effort": "low",
        "fluency_penalty": "low",
        "esr": 0.602,
        "recall_after": 0.398,
        "recall_after_defense": 0.364,
        "n_caught": 88
      },
      {
        "evasion": "llm_paraphrase",
        "effort": "high",
        "fluency_penalty": "zero",
        "esr": 0.571,
        "recall_after": 0.429,
        "recall_after_defense": 0.429,
        "n_caught": 91
      },
      {
        "evasion": "zero_width",
        "effort": "low",
        "fluency_penalty": "zero",
        "esr": 0.568,
        "recall_after": 0.432,
        "recall_after_defense": 0.989,
        "n_caught": 88
      },
      {
        "evasion": "typos",
        "effort": "low",
        "fluency_penalty": "low",
        "esr": 0.364,
        "recall_after": 0.636,
        "recall_after_defense": 0.636,
        "n_caught": 88
      },
      {
        "evasion": "punct_injection",
        "effort": "low",
        "fluency_penalty": "med",
        "esr": 0.068,
        "recall_after": 0.932,
        "recall_after_defense": 0.216,
        "n_caught": 88
      },
      {
        "evasion": "space_injection",
        "effort": "low",
        "fluency_penalty": "med",
        "esr": 0.023,
        "recall_after": 0.977,
        "recall_after_defense": 0.193,
        "n_caught": 88
      }
    ],